"popularityScore","images","featured","trendingScore","rating","description","published","tags","totalShares","coming_soon","sizes","totalPurchases","price","name","lastScoreUpdatedAt","totalViews","totalLikes","category","stock","totalWishlists","profit","id","created_date","updated_date","created_by_id","is_sample"
"0","[]","false","0","0","","false","Redmi","0","false","[]","0","38950","Redmi 13 pro 5G","","0","0","electronics","0","0","10000","6a44eb58cff38094117430e2","2026-07-01T10:26:32.320000","2026-07-01T11:54:34.485000","69e1001a5f1c0bc3344169f6","false"
"28","[""https://base44.app/api/apps/69e1001a5f1c0bc3344169f5/files/mp/public/69e1001a5f1c0bc3344169f5/c9e443d01_photo_2026-06-16_00-37-51.jpg"",""https://base44.app/api/apps/69e1001a5f1c0bc3344169f5/files/mp/public/69e1001a5f1c0bc3344169f5/522f3922b_photo_2026-06-16_00-37-37.jpg"",""https://base44.app/api/apps/69e1001a5f1c0bc3344169f5/files/mp/public/69e1001a5f1c0bc3344169f5/ecebe261b_photo_2026-06-16_00-37-39.jpg"",""https://base44.app/api/apps/69e1001a5f1c0bc3344169f5/files/mp/public/69e1001a5f1c0bc3344169f5/4b419573d_photo_2026-06-16_00-37-40.jpg"",""https://base44.app/api/apps/69e1001a5f1c0bc3344169f5/files/mp/public/69e1001a5f1c0bc3344169f5/f318ebab9_photo_2026-06-16_00-37-42.jpg"",""https://base44.app/api/apps/69e1001a5f1c0bc3344169f5/files/mp/public/69e1001a5f1c0bc3344169f5/abb2e3654_photo_2026-06-16_00-37-43.jpg"",""https://base44.app/api/apps/69e1001a5f1c0bc3344169f5/files/mp/public/69e1001a5f1c0bc3344169f5/ebdcda963_photo_2026-06-16_00-37-53.jpg""]","false","11.8","0","When ordered text us the color with the messeage section ","true","Mechanical, keyboard, gaming ","1","false","[]","3","15912","Mechanical Gaming keyboard ","2026-06-22T09:16:39.168Z","14","0","electronics_keyboard","0","0","6550","6a302c2b81a9abc6f6a842ad","2026-06-15T16:45:31.908000","2026-06-22T15:37:05.434000","69e1001a5f1c0bc3344169f6","false"
"16","[""https://base44.app/api/apps/69e1001a5f1c0bc3344169f5/files/mp/public/69e1001a5f1c0bc3344169f5/d7bfab7f2_e0ef615e7d45454810d18e2db5d9e4e9.jpg"",""https://base44.app/api/apps/69e1001a5f1c0bc3344169f5/files/mp/public/69e1001a5f1c0bc3344169f5/79f73fd08_4b7fdcc5ccd42d4f18db92a7eb738ddd.jpg"",""https://base44.app/api/apps/69e1001a5f1c0bc3344169f5/files/mp/public/69e1001a5f1c0bc3344169f5/938d2c00f_553eb18ff44d8839d1ef2404ae34ec74.jpg"",""https://base44.app/api/apps/69e1001a5f1c0bc3344169f5/files/mp/public/69e1001a5f1c0bc3344169f5/804a4e040_photo_2026-06-09_15-53-46.jpg""]","false","4.35","5","","true","","0","false","[]","0","120000","Osmo Pocket 3 Creator combo ","2026-06-22T09:16:39.169Z","16","0","electronics","0","0","","6a281da4d3d182cd190dd2bd","2026-06-09T14:05:24.196000","2026-06-22T09:16:39.795000","69e1001a5f1c0bc3344169f6","false"
"5","[""https://base44.app/api/apps/69e1001a5f1c0bc3344169f5/files/mp/public/69e1001a5f1c0bc3344169f5/c6176c996_photo_2026-05-20_19-16-00.jpg"",""https://base44.app/api/apps/69e1001a5f1c0bc3344169f5/files/mp/public/69e1001a5f1c0bc3344169f5/8330f7b2f_photo_2026-05-20_19-15-53.jpg"",""https://base44.app/api/apps/69e1001a5f1c0bc3344169f5/files/mp/public/69e1001a5f1c0bc3344169f5/a39dd3e99_photo_2026-05-20_19-15-36.jpg"",""https://base44.app/api/apps/69e1001a5f1c0bc3344169f5/files/mp/public/69e1001a5f1c0bc3344169f5/46cf00006_photo_2026-05-20_19-15-56.jpg"",""https://base44.app/api/apps/69e1001a5f1c0bc3344169f5/files/mp/public/69e1001a5f1c0bc3344169f5/c20fc8703_photo_2026-05-20_19-15-52.jpg"",""https://base44.app/api/apps/69e1001a5f1c0bc3344169f5/files/mp/public/69e1001a5f1c0bc3344169f5/622fd8029_photo_2026-05-20_19-15-49.jpg"",""https://base44.app/api/apps/69e1001a5f1c0bc3344169f5/files/mp/public/69e1001a5f1c0bc3344169f5/638e47fa5_photo_2026-05-20_19-15-41.jpg"",""https://base44.app/api/apps/69e1001a5f1c0bc3344169f5/files/mp/public/69e1001a5f1c0bc3344169f5/bf8d09ae0_photo_2026-05-20_19-15-39.jpg"",""https://base44.app/api/apps/69e1001a5f1c0bc3344169f5/files/mp/public/69e1001a5f1c0bc3344169f5/4600dd65d_photo_2026-05-20_19-15-40.jpg"",""https://base44.app/api/apps/69e1001a5f1c0bc3344169f5/files/mp/public/69e1001a5f1c0bc3344169f5/53854dc1e_photo_2026-05-20_19-15-38.jpg""]","false","1.3","0","360° Phone Stand

Enjoy hands-free convenience with the 360° Phone Stand, designed for comfortable viewing, video calls, gaming, streaming, and content creation. With its adjustable and rotating design, you can easily position your phone at the perfect angle anytime and anywhere.

The strong and stable build keeps your device secure while using it on desks, tables, or bedside setups. Its compact and lightweight design makes it easy to carry for travel, office use, or everyday convenience.

Features:
• 360° Adjustable Rotation
• Stable and Durable Design
• Comfortable Viewing Angles
• Lightweight and Portable
• Compatible with Most Smartphones
• Perfect for Video Calls, Gaming, Streaming, and Watching Videos
• Easy to Use and Foldable Design

Perfect for home, office, study, travel, and everyday use.
","true","","0","false","[]","0","2100","Lifting Mobile Phone Stand 360","2026-06-22T09:16:39.169Z","5","0","accessories_phone_stand","0","0","800","6a0d9c4277adbe91aff682c1","2026-05-20T11:34:26.131000","2026-06-22T09:16:40.022000","69e1001a5f1c0bc3344169f6","false"
"22","[""https://base44.app/api/apps/69e1001a5f1c0bc3344169f5/files/mp/public/69e1001a5f1c0bc3344169f5/63d1c5382_s20u.jpg"",""https://base44.app/api/apps/69e1001a5f1c0bc3344169f5/files/mp/public/69e1001a5f1c0bc3344169f5/5ab6deb57_s20u1.jpg"",""https://base44.app/api/apps/69e1001a5f1c0bc3344169f5/files/mp/public/69e1001a5f1c0bc3344169f5/25ed53b95_s20u2.jpg"",""https://base44.app/api/apps/69e1001a5f1c0bc3344169f5/files/mp/public/69e1001a5f1c0bc3344169f5/d806403ae_s20u5.jpg""]","false","3.5","4.9","Samsung Galaxy S20 Ultra 128GB

Enjoy powerful performance and premium features with the Samsung Galaxy S20 Ultra 128GB. Designed with a large 6.9-inch Dynamic AMOLED display, this smartphone delivers sharp visuals, vibrant colors, and smooth scrolling for gaming, streaming, social media, and everyday use.

Capture stunning photos and videos with the advanced quad-camera system featuring a high-resolution main camera, Ultra Wide lens, and powerful Space Zoom technology. Record high-quality videos and take detailed photos day or night with impressive camera performance.

The 128GB storage provides enough space for apps, photos, videos, and files, while the powerful processor ensures fast and smooth multitasking. Its premium design and long-lasting battery make it perfect for both work and entertainment.

Features:
• 128GB Storage
• 6.9-inch Dynamic AMOLED Display
• Advanced Quad Camera System
• Space Zoom Technology
• Fast Performance Processor
• 5G Connectivity
• Long-lasting Battery
• Fast Charging Support
• Premium Glass Design

Perfect for photography, gaming, business, entertainment, and daily use.
","true","","0","false","[""Balck""]","0","44410","Samsung Galaxy S20 Ultra  128gb","2026-06-22T09:16:39.169Z","17","0","electronics_samsung","0","0","5000","6a0c6ef0da5ac239df6ed570","2026-05-19T14:08:48.639000","2026-06-22T09:16:40.267000","69e1001a5f1c0bc3344169f6","false"
"8","[""https://base44.app/api/apps/69e1001a5f1c0bc3344169f5/files/mp/public/69e1001a5f1c0bc3344169f5/d996ae705_s233.jpg"",""https://base44.app/api/apps/69e1001a5f1c0bc3344169f5/files/mp/public/69e1001a5f1c0bc3344169f5/b30ded6e9_s235.jpg"",""https://base44.app/api/apps/69e1001a5f1c0bc3344169f5/files/mp/public/69e1001a5f1c0bc3344169f5/93b4918a8_s2331.jpg"",""https://base44.app/api/apps/69e1001a5f1c0bc3344169f5/files/mp/public/69e1001a5f1c0bc3344169f5/f74960b3e_s2332.jpg"",""https://base44.app/api/apps/69e1001a5f1c0bc3344169f5/files/mp/public/69e1001a5f1c0bc3344169f5/9f325182d_s2334.jpg"",""https://base44.app/api/apps/69e1001a5f1c0bc3344169f5/files/mp/public/69e1001a5f1c0bc3344169f5/a3d377edf_s236.jpg""]","false","3.4","4.9","Samsung Galaxy S23 Ultra 512GB

Experience next-level performance and premium design with the Samsung Galaxy S23 Ultra 512GB. Powered by a fast Snapdragon processor and equipped with a stunning 6.8-inch Dynamic AMOLED 2X display, this smartphone delivers ultra-smooth performance for gaming, streaming, photography, and everyday use.

Capture incredible detail with the advanced 200MP main camera alongside Ultra Wide and Telephoto lenses for professional-quality photos and videos. Night photography, 8K video recording, and powerful zoom features help you create amazing content anytime.

The massive 512GB storage gives you plenty of space for apps, photos, videos, and files without worrying about storage limits. The built-in S Pen adds extra productivity for writing notes, editing, and creative work.

Features:
• 512GB Storage
• 6.8-inch Dynamic AMOLED 2X Display
• 200MP Professional Camera System
• Snapdragon High-Performance Processor
• Built-in S Pen
• 5G Connectivity
• Long-lasting Battery
• Fast Charging Support
• Premium Glass and Metal Design

Perfect for photography, gaming, business, content creation, and daily use.
","true","","0","false","[]","0","95250","Samsung Galaxy S23 Ultra 512gb ","2026-06-22T09:16:39.169Z","8","0","electronics_samsung","0","0","7800","6a0a62fe59dc7642a6d3712d","2026-05-18T00:53:18.866000","2026-06-22T09:16:40.489000","69e1001a5f1c0bc3344169f6","false"
"4","[""https://base44.app/api/apps/69e1001a5f1c0bc3344169f5/files/mp/public/69e1001a5f1c0bc3344169f5/710bbf52a_WeixinImage_2026-05-17_151631_444.jpg"",""https://base44.app/api/apps/69e1001a5f1c0bc3344169f5/files/mp/public/69e1001a5f1c0bc3344169f5/e8a87c850_WeixinImage_2026-05-17_151637_875.jpg"",""https://base44.app/api/apps/69e1001a5f1c0bc3344169f5/files/mp/public/69e1001a5f1c0bc3344169f5/4b8d765f7_WeixinImage_2026-05-17_151646_644.jpg"",""https://base44.app/api/apps/69e1001a5f1c0bc3344169f5/files/mp/public/69e1001a5f1c0bc3344169f5/8d179f4b8_WeixinImage_2026-05-17_151652_444.jpg"",""https://base44.app/api/apps/69e1001a5f1c0bc3344169f5/files/mp/public/69e1001a5f1c0bc3344169f5/6a9cb2971_WeixinImage_2026-05-17_151657_525.jpg""]","false","1.05","4.5","Original battery and screen 80%","true","","0","false","[]","0","48300","iPhone 11 promax","2026-06-22T09:16:39.169Z","4","0","electronics_iphone_phones","0","0","7000","6a096cb2c8c6a58640f749fa","2026-05-17T07:22:26.216000","2026-06-22T09:16:40.731000","69e1001a5f1c0bc3344169f6","false"
"61","[""https://base44.app/api/apps/69e1001a5f1c0bc3344169f5/files/mp/public/69e1001a5f1c0bc3344169f5/2c5c50ea6_IMG_5188.JPG"",""https://base44.app/api/apps/69e1001a5f1c0bc3344169f5/files/mp/public/69e1001a5f1c0bc3344169f5/25f6f581f_IMG_5199.JPG"",""https://base44.app/api/apps/69e1001a5f1c0bc3344169f5/files/mp/public/69e1001a5f1c0bc3344169f5/4e9e84d35_IMG_5200.JPG"",""https://base44.app/api/apps/69e1001a5f1c0bc3344169f5/files/mp/public/69e1001a5f1c0bc3344169f5/c61ab939d_IMG_5201.JPG"",""https://base44.app/api/apps/69e1001a5f1c0bc3344169f5/files/mp/public/69e1001a5f1c0bc3344169f5/03b34968c_IMG_5189.JPG"",""https://base44.app/api/apps/69e1001a5f1c0bc3344169f5/files/mp/public/69e1001a5f1c0bc3344169f5/d8a760f52_IMG_5191.JPG"",""https://base44.app/api/apps/69e1001a5f1c0bc3344169f5/files/mp/public/69e1001a5f1c0bc3344169f5/56e7f301d_IMG_5192.JPG"",""https://base44.app/api/apps/69e1001a5f1c0bc3344169f5/files/mp/public/69e1001a5f1c0bc3344169f5/687b3374a_IMG_5197.JPG"",""https://base44.app/api/apps/69e1001a5f1c0bc3344169f5/files/mp/public/69e1001a5f1c0bc3344169f5/a440c7da2_IMG_5196.JPG"",""https://base44.app/api/apps/69e1001a5f1c0bc3344169f5/files/mp/public/69e1001a5f1c0bc3344169f5/84d5ddbbc_IMG_5198.JPG""]","false","8.2","4.9","When ordering please text us your shoe size number!!","true","Men shoes","0","false","[""36"",""37"",""38"",""39"",""40"",""41"",""42"",""43"",""44"",""45""]","0","6200","Putian authentic Paris Track 3.0 dad shoes, thick-soled height-increasing running sneakers, mesh design reathable athletic shoes","2026-06-22T09:16:39.169Z","61","0","shoes_mens","0","0","2038","6a0963b7f39ee37daf7c2578","2026-05-17T06:44:07.273000","2026-06-22T09:16:40.980000","69e1001a5f1c0bc3344169f6","false"
"7","[""https://base44.app/api/apps/69e1001a5f1c0bc3344169f5/files/mp/public/69e1001a5f1c0bc3344169f5/d73752fd1_12pro3.avif"",""https://base44.app/api/apps/69e1001a5f1c0bc3344169f5/files/mp/public/69e1001a5f1c0bc3344169f5/6ce5ba9ef_12pro2.avif"",""https://base44.app/api/apps/69e1001a5f1c0bc3344169f5/files/mp/public/69e1001a5f1c0bc3344169f5/dbb8732c4_12pro4.avif"",""https://base44.app/api/apps/69e1001a5f1c0bc3344169f5/files/mp/public/69e1001a5f1c0bc3344169f5/2cf6d9533_12pro.avif"",""https://base44.app/api/apps/69e1001a5f1c0bc3344169f5/files/mp/public/69e1001a5f1c0bc3344169f5/d18a91bd7_12pro1.avif"",""https://base44.app/api/apps/69e1001a5f1c0bc3344169f5/files/mp/public/69e1001a5f1c0bc3344169f5/29382efff_12pro5.jpg""]","false","1.2","5","Apple iPhone 12 Pro 256GB

Experience premium performance with the iPhone 12 Pro 256GB. Built with a powerful A14 Bionic chip, this device delivers fast speed, smooth multitasking, and excellent gaming performance. The stunning 6.1-inch Super Retina XDR display gives bright colors and sharp detail for videos, photos, and everyday use.

Capture professional-quality photos and videos with the advanced triple-camera system featuring Ultra Wide, Wide, and Telephoto lenses. Night mode and 4K Dolby Vision recording help you create amazing content in any lighting condition.

The 256GB storage provides plenty of space for apps, photos, videos, and files. Designed with a premium stainless steel frame and Ceramic Shield front cover for added durability.

Features:
• 256GB Storage
• 6.1-inch Super Retina XDR Display
• Triple 12MP Pro Camera System
• A14 Bionic Chip
• Face ID Security
• 5G Connectivity
• MagSafe Wireless Charging Support
• Premium Design and Build Quality

Perfect for business, photography, gaming, and daily use.
","true","","0","false","[""Blue"",""Golden""]","0","62350","Iphone 12 pro 256","2026-06-22T09:16:39.169Z","7","0","electronics_iphone_phones","0","0","9450","6a082d19f1081985fa0e1f3a","2026-05-16T08:38:49.725000","2026-06-22T09:16:41.184000","69e1001a5f1c0bc3344169f6","false"
"4","[""https://base44.app/api/apps/69e1001a5f1c0bc3344169f5/files/mp/public/69e1001a5f1c0bc3344169f5/83664cc11_s23uu.jpg"",""https://base44.app/api/apps/69e1001a5f1c0bc3344169f5/files/mp/public/69e1001a5f1c0bc3344169f5/fcc8cb3f5_s23uu3.jpg"",""https://base44.app/api/apps/69e1001a5f1c0bc3344169f5/files/mp/public/69e1001a5f1c0bc3344169f5/da68af5b2_s23uu4.jpg"",""https://base44.app/api/apps/69e1001a5f1c0bc3344169f5/files/mp/public/69e1001a5f1c0bc3344169f5/b22926476_s23uu1.jpg"",""https://base44.app/api/apps/69e1001a5f1c0bc3344169f5/files/mp/public/69e1001a5f1c0bc3344169f5/66fdc717f_s23uu2.jpg""]","false","1.9","0","","true","","0","false","[]","0","93250","Samsung Galaxy S23 Ultra 512","2026-06-22T09:16:39.169Z","4","0","electronics_samsung","0","0","","6a048980850205d7dc05a02f","2026-05-13T14:24:00.675000","2026-06-22T09:16:41.410000","69e1001a5f1c0bc3344169f6","false"
"10","[""https://base44.app/api/apps/69e1001a5f1c0bc3344169f5/files/mp/public/69e1001a5f1c0bc3344169f5/ae893ab00_WeixinImage_2026-04-30_001947_274.jpg"",""https://base44.app/api/apps/69e1001a5f1c0bc3344169f5/files/mp/public/69e1001a5f1c0bc3344169f5/e41677f17_WeixinImage_2026-04-30_001957_771.jpg""]","false","1.3","0","","true","","0","true","[""s"",""L"",""XL"",""XXL"",""XXXL"",""M""]","0","1887","Summer American street style minimalist couple's outfit, printed short-sleeve T-shirt, vintage washed distressed style.","2026-06-22T09:16:39.169Z","10","0","clothing_tshirt","0","0","650","69f359b4ea5f63289424239b","2026-04-30T13:31:32.168000","2026-06-22T09:16:41.640000","69e1001a5f1c0bc3344169f6","false"
"5","[""https://base44.app/api/apps/69e1001a5f1c0bc3344169f5/files/mp/public/69e1001a5f1c0bc3344169f5/729954a70_WeixinImage_2026-04-30_001859_074.jpg"",""https://base44.app/api/apps/69e1001a5f1c0bc3344169f5/files/mp/public/69e1001a5f1c0bc3344169f5/8d308be27_WeixinImage_2026-04-30_001902_682.jpg"",""https://base44.app/api/apps/69e1001a5f1c0bc3344169f5/files/mp/public/69e1001a5f1c0bc3344169f5/942c80060_WeixinImage_2026-04-30_001905_826.jpg"",""https://base44.app/api/apps/69e1001a5f1c0bc3344169f5/files/mp/public/69e1001a5f1c0bc3344169f5/b3b259831_WeixinImage_2026-04-30_001909_481.jpg"",""https://base44.app/api/apps/69e1001a5f1c0bc3344169f5/files/mp/public/69e1001a5f1c0bc3344169f5/2e711d326_WeixinImage_2026-04-30_001912_418.jpg"",""https://base44.app/api/apps/69e1001a5f1c0bc3344169f5/files/mp/public/69e1001a5f1c0bc3344169f5/54cffc3d5_WeixinImage_2026-04-30_001915_690.jpg"",""https://base44.app/api/apps/69e1001a5f1c0bc3344169f5/files/mp/public/69e1001a5f1c0bc3344169f5/aa29d7c79_WeixinImage_2026-04-30_001919_690.jpg"",""https://base44.app/api/apps/69e1001a5f1c0bc3344169f5/files/mp/public/69e1001a5f1c0bc3344169f5/2e23ed872_WeixinImage_2026-04-30_001924_521.jpg""]","false","1.15","0","","false","","0","true","[]","0","0","Hoodie","2026-06-22T09:16:39.169Z","5","0","clothing_hoodie","0","0","","69f3599be1e1290d69c21808","2026-04-30T13:31:07.229000","2026-06-22T09:16:41.836000","69e1001a5f1c0bc3344169f6","false"
"1","[""https://base44.app/api/apps/69e1001a5f1c0bc3344169f5/files/mp/public/69e1001a5f1c0bc3344169f5/6e4bd2025_WeixinImage_2026-04-30_001803_336-Copy.jpg"",""https://base44.app/api/apps/69e1001a5f1c0bc3344169f5/files/mp/public/69e1001a5f1c0bc3344169f5/6ef0c5fc5_WeixinImage_2026-04-30_001803_336.jpg"",""https://base44.app/api/apps/69e1001a5f1c0bc3344169f5/files/mp/public/69e1001a5f1c0bc3344169f5/5c435fbb0_WeixinImage_2026-04-30_001808_297-Copy.jpg"",""https://base44.app/api/apps/69e1001a5f1c0bc3344169f5/files/mp/public/69e1001a5f1c0bc3344169f5/3adeb5c23_WeixinImage_2026-04-30_001812_593.jpg"",""https://base44.app/api/apps/69e1001a5f1c0bc3344169f5/files/mp/public/69e1001a5f1c0bc3344169f5/d85c90f15_WeixinImage_2026-04-30_001839_472.jpg""]","false","0.1","0","","false","","0","true","[]","0","0","","2026-06-22T04:54:54.530Z","1","0","clothing_jacket","0","0","","69f3597b69dbd26fd5287825","2026-04-30T13:30:35.245000","2026-06-22T04:54:54.759000","69e1001a5f1c0bc3344169f6","false"
"2","[""https://base44.app/api/apps/69e1001a5f1c0bc3344169f5/files/mp/public/69e1001a5f1c0bc3344169f5/3bc048f4f_WeixinImage_2026-04-30_001718_158.jpg"",""https://base44.app/api/apps/69e1001a5f1c0bc3344169f5/files/mp/public/69e1001a5f1c0bc3344169f5/77fd2a3ce_WeixinImage_2026-04-30_001721_495.jpg"",""https://base44.app/api/apps/69e1001a5f1c0bc3344169f5/files/mp/public/69e1001a5f1c0bc3344169f5/e11abf059_WeixinImage_2026-04-30_001727_950.jpg"",""https://base44.app/api/apps/69e1001a5f1c0bc3344169f5/files/mp/public/69e1001a5f1c0bc3344169f5/d75eb1f88_WeixinImage_2026-04-30_001747_519.jpg"",""https://base44.app/api/apps/69e1001a5f1c0bc3344169f5/files/mp/public/69e1001a5f1c0bc3344169f5/7d5b09cf8_WeixinImage_2026-04-30_001730_799.jpg"",""https://base44.app/api/apps/69e1001a5f1c0bc3344169f5/files/mp/public/69e1001a5f1c0bc3344169f5/ea419bb10_WeixinImage_2026-04-30_001743_016.jpg""]","false","0.7","0","","true","","0","true","[]","0","2799.96","Men's trendy washed vintage denim shorts, summer thin style, loose straight-leg high-street American style, mid-length (seven-tenths) pants.","2026-06-22T09:16:39.169Z","2","0","clothing_mens","0","0","","69f359487213e37789068515","2026-04-30T13:29:44.330000","2026-06-22T09:16:42.046000","69e1001a5f1c0bc3344169f6","false"
"3","[""https://base44.app/api/apps/69e1001a5f1c0bc3344169f5/files/mp/public/69e1001a5f1c0bc3344169f5/a1c7d4095_WeixinImage_2026-04-30_001624_302.jpg"",""https://base44.app/api/apps/69e1001a5f1c0bc3344169f5/files/mp/public/69e1001a5f1c0bc3344169f5/6896c7ad7_WeixinImage_2026-04-30_001642_439.jpg"",""https://base44.app/api/apps/69e1001a5f1c0bc3344169f5/files/mp/public/69e1001a5f1c0bc3344169f5/12ad6c5b7_WeixinImage_2026-04-30_001700_551.jpg"",""https://base44.app/api/apps/69e1001a5f1c0bc3344169f5/files/mp/public/69e1001a5f1c0bc3344169f5/f0d4fdb5a_WeixinImage_2026-04-30_001638_455.jpg"",""https://base44.app/api/apps/69e1001a5f1c0bc3344169f5/files/mp/public/69e1001a5f1c0bc3344169f5/e4a60620f_WeixinImage_2026-04-30_001647_238.jpg"",""https://base44.app/api/apps/69e1001a5f1c0bc3344169f5/files/mp/public/69e1001a5f1c0bc3344169f5/3c1bef96d_WeixinImage_2026-04-30_001650_774.jpg"",""https://base44.app/api/apps/69e1001a5f1c0bc3344169f5/files/mp/public/69e1001a5f1c0bc3344169f5/c1023adb2_WeixinImage_2026-04-30_001634_446.jpg""]","false","0.45","4.9","","true","","0","true","[""M"",""L"",""XL"",""XXL"",""XXXL""]","0","3772","Men's straight-leg casual denim trousers, wide-leg vintage loose high-street American style, large size for spring and autumn","2026-06-22T09:16:39.169Z","3","0","clothing_mens","0","0","1000","69f3591355c666c7081c9749","2026-04-30T13:28:51.689000","2026-06-22T09:16:44.347000","69e1001a5f1c0bc3344169f6","false"
"2","[""https://base44.app/api/apps/69e1001a5f1c0bc3344169f5/files/mp/public/69e1001a5f1c0bc3344169f5/f4fba5125_WeixinImage_2026-04-30_001548_893.jpg"",""https://base44.app/api/apps/69e1001a5f1c0bc3344169f5/files/mp/public/69e1001a5f1c0bc3344169f5/9acb6a457_WeixinImage_2026-04-30_001552_117.jpg"",""https://base44.app/api/apps/69e1001a5f1c0bc3344169f5/files/mp/public/69e1001a5f1c0bc3344169f5/92e489c90_WeixinImage_2026-04-30_001555_349.jpg""]","false","0.35","0","","false","","0","true","[]","0","0","Women's winter fleece-lined yoga pants, thickened high-waist tummy control leggings for outdoor wear, slim-fit thermal fitness pants.","2026-06-22T09:16:39.169Z","2","0","clothing_womens","0","0","","69f358d7d3b80acbe121572d","2026-04-30T13:27:51.397000","2026-06-22T09:16:46.198000","69e1001a5f1c0bc3344169f6","false"
"0","[""https://base44.app/api/apps/69e1001a5f1c0bc3344169f5/files/mp/public/69e1001a5f1c0bc3344169f5/81d431230_WeixinImage_2026-04-30_001517_677.jpg"",""https://base44.app/api/apps/69e1001a5f1c0bc3344169f5/files/mp/public/69e1001a5f1c0bc3344169f5/5d4a39eba_WeixinImage_2026-04-30_001521_204.jpg"",""https://base44.app/api/apps/69e1001a5f1c0bc3344169f5/files/mp/public/69e1001a5f1c0bc3344169f5/21596c3f3_WeixinImage_2026-04-30_001524_252.jpg"",""https://base44.app/api/apps/69e1001a5f1c0bc3344169f5/files/mp/public/69e1001a5f1c0bc3344169f5/2e35b8da5_WeixinImage_2026-04-30_001527_516.jpg"",""https://base44.app/api/apps/69e1001a5f1c0bc3344169f5/files/mp/public/69e1001a5f1c0bc3344169f5/2c1ec3a6a_WeixinImage_2026-04-30_001530_485.jpg""]","false","0","0","","false","","0","false","[]","0","0","2024 new style patchwork faux leather large capacity tote bag, suitable for middle-aged/young women, mothers, and teachers for commuting.","2026-06-22T09:16:46.233Z","0","0","bags_women_s","0","0","","69f358b927fb70d64ef886c0","2026-04-30T13:27:21.763000","2026-06-22T09:16:46.513000","69e1001a5f1c0bc3344169f6","false"
"1","[""https://base44.app/api/apps/69e1001a5f1c0bc3344169f5/files/mp/public/69e1001a5f1c0bc3344169f5/ccdaf215f_WeixinImage_2026-04-30_001435_379.jpg"",""https://base44.app/api/apps/69e1001a5f1c0bc3344169f5/files/mp/public/69e1001a5f1c0bc3344169f5/594a55a0e_WeixinImage_2026-04-30_001442_644.jpg"",""https://base44.app/api/apps/69e1001a5f1c0bc3344169f5/files/mp/public/69e1001a5f1c0bc3344169f5/a7ce91d95_WeixinImage_2026-04-30_001447_004.jpg"",""https://base44.app/api/apps/69e1001a5f1c0bc3344169f5/files/mp/public/69e1001a5f1c0bc3344169f5/a50d97d2a_WeixinImage_2026-04-30_001454_900.jpg""]","false","0.1","0","","true","","0","true","[]","0","4015","2025 New Style Maternity Knit Long Dress.","2026-06-22T09:16:39.169Z","1","0","clothing_dress","0","0","","69f3589e4ebdf9f85d871215","2026-04-30T13:26:54.140000","2026-06-22T09:16:46.684000","69e1001a5f1c0bc3344169f6","false"
"1","[""https://base44.app/api/apps/69e1001a5f1c0bc3344169f5/files/mp/public/69e1001a5f1c0bc3344169f5/2ddad66fc_WeixinImage_2026-04-30_001359_618.jpg"",""https://base44.app/api/apps/69e1001a5f1c0bc3344169f5/files/mp/public/69e1001a5f1c0bc3344169f5/c0e816d8d_WeixinImage_2026-04-30_001403_442.jpg"",""https://base44.app/api/apps/69e1001a5f1c0bc3344169f5/files/mp/public/69e1001a5f1c0bc3344169f5/cb98f47d1_WeixinImage_2026-04-30_001408_179.jpg"",""https://base44.app/api/apps/69e1001a5f1c0bc3344169f5/files/mp/public/69e1001a5f1c0bc3344169f5/3f7b28890_WeixinImage_2026-04-30_001411_435.jpg"",""https://base44.app/api/apps/69e1001a5f1c0bc3344169f5/files/mp/public/69e1001a5f1c0bc3344169f5/5e4e55744_WeixinImage_2026-04-30_001414_795.jpg""]","false","0.1","0","","true","","0","true","[]","0","2438","Original ""Sweet & Spicy"" style chain bag, Y2K aesthetic, niche design for ""Spice Girls,"" versatile underarm shoulder bag.","2026-06-22T04:54:56.020Z","1","0","bags_women_s","0","0","749.97","69f35703156ef60a17116701","2026-04-30T13:20:03.144000","2026-06-22T04:54:56.204000","69e1001a5f1c0bc3344169f6","false"
"1","[""https://base44.app/api/apps/69e1001a5f1c0bc3344169f5/files/mp/public/69e1001a5f1c0bc3344169f5/a6542b45d_WeixinImage_2026-04-30_001301_313-Copy-Copy.jpg"",""https://base44.app/api/apps/69e1001a5f1c0bc3344169f5/files/mp/public/69e1001a5f1c0bc3344169f5/b5fdc7819_WeixinImage_2026-04-30_001307_793-Copy.jpg"",""https://base44.app/api/apps/69e1001a5f1c0bc3344169f5/files/mp/public/69e1001a5f1c0bc3344169f5/c7e6cb650_WeixinImage_2026-04-30_001317_146-Copy-Copy.jpg"",""https://base44.app/api/apps/69e1001a5f1c0bc3344169f5/files/mp/public/69e1001a5f1c0bc3344169f5/9167a6272_WeixinImage_2026-04-30_001322_689-Copy-Copy.jpg"",""https://base44.app/api/apps/69e1001a5f1c0bc3344169f5/files/mp/public/69e1001a5f1c0bc3344169f5/789176c93_WeixinImage_2026-04-30_001329_073-Copy-Copy.jpg"",""https://base44.app/api/apps/69e1001a5f1c0bc3344169f5/files/mp/public/69e1001a5f1c0bc3344169f5/714809612_WeixinImage_2026-04-30_001332_905-Copy-Copy.jpg""]","false","0.1","0","","false","","0","true","[]","0","0","","2026-06-22T04:54:56.234Z","1","0","clothing_jacket","0","0","","69f356c5c1b23331fb34ecec","2026-04-30T13:19:01.497000","2026-06-22T04:54:56.454000","69e1001a5f1c0bc3344169f6","false"
"1","[""https://base44.app/api/apps/69e1001a5f1c0bc3344169f5/files/mp/public/69e1001a5f1c0bc3344169f5/d4724e603_WeixinImage_2026-04-30_001223_825-Copy.jpg"",""https://base44.app/api/apps/69e1001a5f1c0bc3344169f5/files/mp/public/69e1001a5f1c0bc3344169f5/82627d734_WeixinImage_2026-04-30_001223_825.jpg"",""https://base44.app/api/apps/69e1001a5f1c0bc3344169f5/files/mp/public/69e1001a5f1c0bc3344169f5/65214b4ac_WeixinImage_2026-04-30_001227_464-Copy.jpg"",""https://base44.app/api/apps/69e1001a5f1c0bc3344169f5/files/mp/public/69e1001a5f1c0bc3344169f5/fc73a3d10_WeixinImage_2026-04-30_001230_929-Copy.jpg"",""https://base44.app/api/apps/69e1001a5f1c0bc3344169f5/files/mp/public/69e1001a5f1c0bc3344169f5/e434f471b_WeixinImage_2026-04-30_001230_929.jpg"",""https://base44.app/api/apps/69e1001a5f1c0bc3344169f5/files/mp/public/69e1001a5f1c0bc3344169f5/0d1468df1_WeixinImage_2026-04-30_001234_968-Copy.jpg"",""https://base44.app/api/apps/69e1001a5f1c0bc3344169f5/files/mp/public/69e1001a5f1c0bc3344169f5/d7ab0771a_WeixinImage_2026-04-30_001234_968.jpg"",""https://base44.app/api/apps/69e1001a5f1c0bc3344169f5/files/mp/public/69e1001a5f1c0bc3344169f5/7f744c7e8_WeixinImage_2026-04-30_001238_417.jpg"",""https://base44.app/api/apps/69e1001a5f1c0bc3344169f5/files/mp/public/69e1001a5f1c0bc3344169f5/8b722f9c4_WeixinImage_2026-04-30_001242_609.jpg""]","false","0.6","0","","false","","0","true","[]","0","0","","2026-06-22T09:16:39.169Z","1","0","shoes_womens","0","0","","69f3564fe9abde02ae168065","2026-04-30T13:17:03.113000","2026-06-22T09:16:46.918000","69e1001a5f1c0bc3344169f6","false"
"1","[""https://base44.app/api/apps/69e1001a5f1c0bc3344169f5/files/mp/public/69e1001a5f1c0bc3344169f5/5038c5b35_WeixinImage_2026-04-30_001150_152.jpg"",""https://base44.app/api/apps/69e1001a5f1c0bc3344169f5/files/mp/public/69e1001a5f1c0bc3344169f5/438ee519e_WeixinImage_2026-04-30_001155_375.jpg"",""https://base44.app/api/apps/69e1001a5f1c0bc3344169f5/files/mp/public/69e1001a5f1c0bc3344169f5/51fe8967e_WeixinImage_2026-04-30_001159_072.jpg"",""https://base44.app/api/apps/69e1001a5f1c0bc3344169f5/files/mp/public/69e1001a5f1c0bc3344169f5/b63a7d7fe_WeixinImage_2026-04-30_001202_672.jpg""]","false","0.1","0","","false","","0","true","[]","0","0","","2026-06-22T04:54:56.773Z","1","0","sports_fitness","0","0","","69f355f90042e05708fd1f8c","2026-04-30T13:15:37.793000","2026-06-22T04:54:56.986000","69e1001a5f1c0bc3344169f6","false"
"1","[""https://base44.app/api/apps/69e1001a5f1c0bc3344169f5/files/mp/public/69e1001a5f1c0bc3344169f5/6af2b571f_WeixinImage_2026-04-30_001125_895.jpg"",""https://base44.app/api/apps/69e1001a5f1c0bc3344169f5/files/mp/public/69e1001a5f1c0bc3344169f5/e76df0683_WeixinImage_2026-04-30_001132_502.jpg""]","false","0.1","0","","false","","0","true","[]","0","0","","2026-06-22T09:16:39.169Z","1","0","clothing_womens","0","0","","69f355d3d8e3a491ec7d1fb4","2026-04-30T13:14:59.735000","2026-06-22T09:16:47.217000","69e1001a5f1c0bc3344169f6","false"
"1","[""https://base44.app/api/apps/69e1001a5f1c0bc3344169f5/files/mp/public/69e1001a5f1c0bc3344169f5/a338a38ff_WeixinImage_2026-04-30_001049_765.jpg"",""https://base44.app/api/apps/69e1001a5f1c0bc3344169f5/files/mp/public/69e1001a5f1c0bc3344169f5/b4be5bc27_WeixinImage_2026-04-30_001056_654.jpg"",""https://base44.app/api/apps/69e1001a5f1c0bc3344169f5/files/mp/public/69e1001a5f1c0bc3344169f5/51334b939_WeixinImage_2026-04-30_001100_959.jpg"",""https://base44.app/api/apps/69e1001a5f1c0bc3344169f5/files/mp/public/69e1001a5f1c0bc3344169f5/af67af5c6_WeixinImage_2026-04-30_001104_398.jpg"",""https://base44.app/api/apps/69e1001a5f1c0bc3344169f5/files/mp/public/69e1001a5f1c0bc3344169f5/59046ca90_WeixinImage_2026-04-30_001107_463.jpg""]","false","0.1","0","","false","","0","true","[]","0","0","","2026-06-22T04:54:57.254Z","1","0","electronics","0","0","","69f3558acd306288f2db270a","2026-04-30T13:13:46.861000","2026-06-22T04:54:57.468000","69e1001a5f1c0bc3344169f6","false"
"1","[""https://base44.app/api/apps/69e1001a5f1c0bc3344169f5/files/mp/public/69e1001a5f1c0bc3344169f5/dbc655383_WeixinImage_2026-04-30_000840_683.jpg"",""https://base44.app/api/apps/69e1001a5f1c0bc3344169f5/files/mp/public/69e1001a5f1c0bc3344169f5/c1eed17f5_WeixinImage_2026-04-30_000847_602.jpg"",""https://base44.app/api/apps/69e1001a5f1c0bc3344169f5/files/mp/public/69e1001a5f1c0bc3344169f5/ccf31c0a2_WeixinImage_2026-04-30_000852_019.jpg"",""https://base44.app/api/apps/69e1001a5f1c0bc3344169f5/files/mp/public/69e1001a5f1c0bc3344169f5/7a283c27c_WeixinImage_2026-04-30_000855_603.jpg"",""https://base44.app/api/apps/69e1001a5f1c0bc3344169f5/files/mp/public/69e1001a5f1c0bc3344169f5/44a4d7c0e_WeixinImage_2026-04-30_001004_877.jpg""]","false","0.1","0","","false","","0","true","[]","0","0","","2026-06-22T04:54:57.503Z","1","0","clothing_womens","0","0","","69f355375c1247505c66e043","2026-04-30T13:12:23.822000","2026-06-22T04:54:57.655000","69e1001a5f1c0bc3344169f6","false"
"1","[""https://base44.app/api/apps/69e1001a5f1c0bc3344169f5/files/mp/public/69e1001a5f1c0bc3344169f5/030bd113f_WeixinImage_2026-04-30_000805_442.jpg"",""https://base44.app/api/apps/69e1001a5f1c0bc3344169f5/files/mp/public/69e1001a5f1c0bc3344169f5/639e3249d_WeixinImage_2026-04-30_000810_506.jpg"",""https://base44.app/api/apps/69e1001a5f1c0bc3344169f5/files/mp/public/69e1001a5f1c0bc3344169f5/0b148f024_WeixinImage_2026-04-30_000813_834.jpg"",""https://base44.app/api/apps/69e1001a5f1c0bc3344169f5/files/mp/public/69e1001a5f1c0bc3344169f5/0e86ce3e3_WeixinImage_2026-04-30_000818_594.jpg"",""https://base44.app/api/apps/69e1001a5f1c0bc3344169f5/files/mp/public/69e1001a5f1c0bc3344169f5/6ab4c8358_WeixinImage_2026-04-30_000823_042.jpg""]","false","0.1","0","","false","","0","true","[]","0","0","","2026-06-22T04:54:57.686Z","1","0","clothing_dress","0","0","","69f354f8aa644fb4d5a57b67","2026-04-30T13:11:20.382000","2026-06-22T04:54:57.907000","69e1001a5f1c0bc3344169f6","false"
"1","[""https://base44.app/api/apps/69e1001a5f1c0bc3344169f5/files/mp/public/69e1001a5f1c0bc3344169f5/81aac7297_WeixinImage_2026-04-30_000707_361.jpg"",""https://base44.app/api/apps/69e1001a5f1c0bc3344169f5/files/mp/public/69e1001a5f1c0bc3344169f5/d40b128f2_WeixinImage_2026-04-30_000712_736.jpg"",""https://base44.app/api/apps/69e1001a5f1c0bc3344169f5/files/mp/public/69e1001a5f1c0bc3344169f5/529a3928c_WeixinImage_2026-04-30_000729_945.jpg"",""https://base44.app/api/apps/69e1001a5f1c0bc3344169f5/files/mp/public/69e1001a5f1c0bc3344169f5/bb929421c_WeixinImage_2026-04-30_000734_033.jpg"",""https://base44.app/api/apps/69e1001a5f1c0bc3344169f5/files/mp/public/69e1001a5f1c0bc3344169f5/07a7c0fe3_WeixinImage_2026-04-30_000738_185.jpg""]","false","0.1","0","","false","","0","true","[]","0","0","Women body","2026-06-22T04:54:57.940Z","1","0","clothing_womens","0","0","","69f354c171fa2a8fb93104e8","2026-04-30T13:10:25.642000","2026-06-22T04:54:58.242000","69e1001a5f1c0bc3344169f6","false"
"2","[""https://base44.app/api/apps/69e1001a5f1c0bc3344169f5/files/mp/public/69e1001a5f1c0bc3344169f5/73eb759b5_WeixinImage_2026-04-30_000536_927.jpg"",""https://base44.app/api/apps/69e1001a5f1c0bc3344169f5/files/mp/public/69e1001a5f1c0bc3344169f5/77d775458_WeixinImage_2026-04-30_000631_569.jpg"",""https://base44.app/api/apps/69e1001a5f1c0bc3344169f5/files/mp/public/69e1001a5f1c0bc3344169f5/3485e07e3_WeixinImage_2026-04-30_000621_223.jpg"",""https://base44.app/api/apps/69e1001a5f1c0bc3344169f5/files/mp/public/69e1001a5f1c0bc3344169f5/244040dde_WeixinImage_2026-04-30_000618_056.jpg"",""https://base44.app/api/apps/69e1001a5f1c0bc3344169f5/files/mp/public/69e1001a5f1c0bc3344169f5/6420ecce2_WeixinImage_2026-04-30_000634_928.jpg"",""https://base44.app/api/apps/69e1001a5f1c0bc3344169f5/files/mp/public/69e1001a5f1c0bc3344169f5/e2cbab419_WeixinImage_2026-04-30_000624_808.jpg"",""https://base44.app/api/apps/69e1001a5f1c0bc3344169f5/files/mp/public/69e1001a5f1c0bc3344169f5/f17163a6c_WeixinImage_2026-04-30_000613_967.jpg""]","false","0.85","0","","true","","0","true","[]","0","1939.95","Slippers Women’s Summer Outer Wear 2026 New High-end Sense","2026-06-22T09:16:39.169Z","2","0","shoes_womens","0","0","","69f353e01928bb85f0197538","2026-04-30T13:06:40.431000","2026-06-22T09:16:47.462000","69e1001a5f1c0bc3344169f6","false"
"3","[""https://base44.app/api/apps/69e1001a5f1c0bc3344169f5/files/mp/public/69e1001a5f1c0bc3344169f5/a8b00ef98_WeixinImage_2026-04-30_002017_075.jpg"",""https://base44.app/api/apps/69e1001a5f1c0bc3344169f5/files/mp/public/69e1001a5f1c0bc3344169f5/04f8595e8_WeixinImage_2026-04-30_002022_339.jpg"",""https://base44.app/api/apps/69e1001a5f1c0bc3344169f5/files/mp/public/69e1001a5f1c0bc3344169f5/9abac2610_WeixinImage_2026-04-30_002026_148.jpg"",""https://base44.app/api/apps/69e1001a5f1c0bc3344169f5/files/mp/public/69e1001a5f1c0bc3344169f5/0a6e7bf35_WeixinImage_2026-04-30_002029_899.jpg"",""https://base44.app/api/apps/69e1001a5f1c0bc3344169f5/files/mp/public/69e1001a5f1c0bc3344169f5/66a417a6d_WeixinImage_2026-04-30_002037_939.jpg""]","false","0.8","0","","true","","0","true","[]","0","2272","Textured fashionable French-style underarm bag for women, high-end commuter casual versatile shoulder bag.","2026-06-22T09:16:39.168Z","3","0","bags_women_s","0","0","","69f33e1314bfc926bc9d84be","2026-04-30T11:33:39.331000","2026-06-22T09:16:47.656000","69e1001a5f1c0bc3344169f6","false"
"4","[""https://base44.app/api/apps/69e1001a5f1c0bc3344169f5/files/mp/public/69e1001a5f1c0bc3344169f5/4e3f8c037_b805437cf7af4e6912f3b8382fc6fc69.jpg"",""https://base44.app/api/apps/69e1001a5f1c0bc3344169f5/files/mp/public/69e1001a5f1c0bc3344169f5/c1feca67c_b9746104786fe81ff9fd2a66c28f96de.jpg"",""https://base44.app/api/apps/69e1001a5f1c0bc3344169f5/files/mp/public/69e1001a5f1c0bc3344169f5/6a5b6fad9_s22ultra.jpg"",""https://base44.app/api/apps/69e1001a5f1c0bc3344169f5/files/mp/public/69e1001a5f1c0bc3344169f5/e3bd724d7_6e85918bf0359f4a00792f93539c6553.jpg""]","false","0.55","5","Samsung Galaxy 256","true","Samsung","0","false","[]","0","72450","S22 Ultra 256","2026-06-22T09:16:39.169Z","4","0","electronics_samsung","0","0","5991","69ef6f883909f88c9c7ae183","2026-04-27T14:15:36.147000","2026-06-22T09:16:47.883000","69e1001a5f1c0bc3344169f6","false"
"1","[""https://base44.app/api/apps/69e1001a5f1c0bc3344169f5/files/mp/public/69e1001a5f1c0bc3344169f5/dd1a2ab62_13pm.jpeg"",""https://base44.app/api/apps/69e1001a5f1c0bc3344169f5/files/mp/public/69e1001a5f1c0bc3344169f5/c868b8a15_13pm1.jpeg"",""https://base44.app/api/apps/69e1001a5f1c0bc3344169f5/files/mp/public/69e1001a5f1c0bc3344169f5/f4b6b61d5_13pm2.jpeg"",""https://base44.app/api/apps/69e1001a5f1c0bc3344169f5/files/mp/public/69e1001a5f1c0bc3344169f5/342c58e23_13pm3.jpeg"",""https://base44.app/api/apps/69e1001a5f1c0bc3344169f5/files/mp/public/69e1001a5f1c0bc3344169f5/ac39822e1_13pm4.jpeg"",""https://base44.app/api/apps/69e1001a5f1c0bc3344169f5/files/mp/public/69e1001a5f1c0bc3344169f5/17d7e5321_13pm5.jpeg""]","true","0.6","5","Orginal screen and battery, battery percent 86%","true","Iphone","0","false","[]","0","92550","Iphone 13 promax 256","2026-06-22T09:16:39.169Z","1","0","electronics_iphone_phones","0","0","10185","69edb48606a0b391c5589d56","2026-04-26T06:45:26.805000","2026-06-22T09:16:49.447000","69e1001a5f1c0bc3344169f6","false"